{
  "mae": 389.78150779121506,
  "rmse": 564.7579806454954,
  "r2": 0.6444983771965203
}